Longitude,Latitude,number,bin_status,type,Street,,,,,,,,,
-72.4562767,-8.4968433,A1,No,located_on,Str1,1,1,"MERGE (a1: house{name:"" A1 "" ,bin:"" No "" ,street:"" Str1 ""}) SET a1.latitude = -8.4968433, a1.longitude = -72.4562767",,"MERGE (a1: house{name:"" A1 "" ,bin:"" No "" ,street:"" Str1 ""}) SET a1.latitude = -8.4968433, a1.longitude = -72.4562767",,,, MERGE (a1) - [:CONNECTS]->(s1)
-72.456,-8.4968933,A2,Yes,located_on,Str1,2,1,"MERGE (a2: house{name:"" A2 "" ,bin:"" Yes "" ,street:"" Str1 ""}) SET a2.latitude = -8.4968933, a2.longitude = -72.456",,"MERGE (a2: house{name:"" A2 "" ,bin:"" Yes "" ,street:"" Str1 ""}) SET a2.latitude = -8.4968933, a2.longitude = -72.456",,,, MERGE (a2) - [:CONNECTS]->(s1)
-72.45631,-8.4971117,A3,No,located_on,Str1,3,1,"MERGE (a3: house{name:"" A3 "" ,bin:"" No "" ,street:"" Str1 ""}) SET a3.latitude = -8.4971117, a3.longitude = -72.45631",,"MERGE (a3: house{name:"" A3 "" ,bin:"" No "" ,street:"" Str1 ""}) SET a3.latitude = -8.4971117, a3.longitude = -72.45631",,,, MERGE (a3) - [:CONNECTS]->(s1)
-72.4561717,-8.4969917,A4,Yes,located_on,Str1,4,1,"MERGE (a4: house{name:"" A4 "" ,bin:"" Yes "" ,street:"" Str1 ""}) SET a4.latitude = -8.4969917, a4.longitude = -72.4561717",,"MERGE (a4: house{name:"" A4 "" ,bin:"" Yes "" ,street:"" Str1 ""}) SET a4.latitude = -8.4969917, a4.longitude = -72.4561717",,,, MERGE (a4) - [:CONNECTS]->(s1)
-72.4567133,-8.49644,A5,Yes,located_on,Str1,5,1,"MERGE (a5: house{name:"" A5 "" ,bin:"" Yes "" ,street:"" Str1 ""}) SET a5.latitude = -8.49644, a5.longitude = -72.4567133",,"MERGE (a5: house{name:"" A5 "" ,bin:"" Yes "" ,street:"" Str1 ""}) SET a5.latitude = -8.49644, a5.longitude = -72.4567133",,,, MERGE (a5) - [:CONNECTS]->(s1)
-72.4573567,-8.4973717,A6,Yes,located_on,Str1,6,1,"MERGE (a6: house{name:"" A6 "" ,bin:"" Yes "" ,street:"" Str1 ""}) SET a6.latitude = -8.4973717, a6.longitude = -72.4573567",,"MERGE (a6: house{name:"" A6 "" ,bin:"" Yes "" ,street:"" Str1 ""}) SET a6.latitude = -8.4973717, a6.longitude = -72.4573567",,,, MERGE (a6) - [:CONNECTS]->(s1)
-72.45658,-8.4964567,A7,Yes,located_on,Str1,7,1,"MERGE (a7: house{name:"" A7 "" ,bin:"" Yes "" ,street:"" Str1 ""}) SET a7.latitude = -8.4964567, a7.longitude = -72.45658",,"MERGE (a7: house{name:"" A7 "" ,bin:"" Yes "" ,street:"" Str1 ""}) SET a7.latitude = -8.4964567, a7.longitude = -72.45658",,,, MERGE (a7) - [:CONNECTS]->(s1)
-72.4557217,-8.4949733,A8,No,located_on,Str1,8,1,"MERGE (a8: house{name:"" A8 "" ,bin:"" No "" ,street:"" Str1 ""}) SET a8.latitude = -8.4949733, a8.longitude = -72.4557217",,"MERGE (a8: house{name:"" A8 "" ,bin:"" No "" ,street:"" Str1 ""}) SET a8.latitude = -8.4949733, a8.longitude = -72.4557217",,,, MERGE (a8) - [:CONNECTS]->(s1)
-72.4565333,-8.4965933,A9,Yes,located_on,Str1,9,1,"MERGE (a9: house{name:"" A9 "" ,bin:"" Yes "" ,street:"" Str1 ""}) SET a9.latitude = -8.4965933, a9.longitude = -72.4565333",,"MERGE (a9: house{name:"" A9 "" ,bin:"" Yes "" ,street:"" Str1 ""}) SET a9.latitude = -8.4965933, a9.longitude = -72.4565333",,,, MERGE (a9) - [:CONNECTS]->(s1)
-72.4531767,-8.4952483,A10,No,located_on,Str1,10,1,"MERGE (a10: house{name:"" A10 "" ,bin:"" No "" ,street:"" Str1 ""}) SET a10.latitude = -8.4952483, a10.longitude = -72.4531767",,"MERGE (a10: house{name:"" A10 "" ,bin:"" No "" ,street:"" Str1 ""}) SET a10.latitude = -8.4952483, a10.longitude = -72.4531767",,,, MERGE (a10) - [:CONNECTS]->(s1)
-72.479395,-8.281735,B1,No,located_on,Str2,11,2,"MERGE (a11: house{name:"" B1 "" ,bin:"" No "" ,street:"" Str2 ""}) SET a11.latitude = -8.281735, a11.longitude = -72.479395",,"MERGE (a11: house{name:"" B1 "" ,bin:"" No "" ,street:"" Str2 ""}) SET a11.latitude = -8.281735, a11.longitude = -72.479395",,,, MERGE (a11) - [:CONNECTS]->(s2)
-72.4789933,-8.2820783,B2,Yes,located_on,Str2,12,2,"MERGE (a12: house{name:"" B2 "" ,bin:"" Yes "" ,street:"" Str2 ""}) SET a12.latitude = -8.2820783, a12.longitude = -72.4789933",,"MERGE (a12: house{name:"" B2 "" ,bin:"" Yes "" ,street:"" Str2 ""}) SET a12.latitude = -8.2820783, a12.longitude = -72.4789933",,,, MERGE (a12) - [:CONNECTS]->(s2)
-72.4778983,-8.28805,B3,No,located_on,Str2,13,2,"MERGE (a13: house{name:"" B3 "" ,bin:"" No "" ,street:"" Str2 ""}) SET a13.latitude = -8.28805, a13.longitude = -72.4778983",,"MERGE (a13: house{name:"" B3 "" ,bin:"" No "" ,street:"" Str2 ""}) SET a13.latitude = -8.28805, a13.longitude = -72.4778983",,,, MERGE (a13) - [:CONNECTS]->(s2)
-72.4793783,-8.2821233,B4,No,located_on,Str2,14,2,"MERGE (a14: house{name:"" B4 "" ,bin:"" No "" ,street:"" Str2 ""}) SET a14.latitude = -8.2821233, a14.longitude = -72.4793783",,"MERGE (a14: house{name:"" B4 "" ,bin:"" No "" ,street:"" Str2 ""}) SET a14.latitude = -8.2821233, a14.longitude = -72.4793783",,,, MERGE (a14) - [:CONNECTS]->(s2)
-72.47934,-8.282055,B5,Yes,located_on,Str2,15,2,"MERGE (a15: house{name:"" B5 "" ,bin:"" Yes "" ,street:"" Str2 ""}) SET a15.latitude = -8.282055, a15.longitude = -72.47934",,"MERGE (a15: house{name:"" B5 "" ,bin:"" Yes "" ,street:"" Str2 ""}) SET a15.latitude = -8.282055, a15.longitude = -72.47934",,,, MERGE (a15) - [:CONNECTS]->(s2)
-72.48031,-8.2820067,B6,No,located_on,Str2,16,2,"MERGE (a16: house{name:"" B6 "" ,bin:"" No "" ,street:"" Str2 ""}) SET a16.latitude = -8.2820067, a16.longitude = -72.48031",,"MERGE (a16: house{name:"" B6 "" ,bin:"" No "" ,street:"" Str2 ""}) SET a16.latitude = -8.2820067, a16.longitude = -72.48031",,,, MERGE (a16) - [:CONNECTS]->(s2)
-72.4796667,-8.2818283,B7,Yes,located_on,Str2,17,2,"MERGE (a17: house{name:"" B7 "" ,bin:"" Yes "" ,street:"" Str2 ""}) SET a17.latitude = -8.2818283, a17.longitude = -72.4796667",,"MERGE (a17: house{name:"" B7 "" ,bin:"" Yes "" ,street:"" Str2 ""}) SET a17.latitude = -8.2818283, a17.longitude = -72.4796667",,,, MERGE (a17) - [:CONNECTS]->(s2)
-72.4789767,-8.2820917,B8,No,located_on,Str2,18,2,"MERGE (a18: house{name:"" B8 "" ,bin:"" No "" ,street:"" Str2 ""}) SET a18.latitude = -8.2820917, a18.longitude = -72.4789767",,"MERGE (a18: house{name:"" B8 "" ,bin:"" No "" ,street:"" Str2 ""}) SET a18.latitude = -8.2820917, a18.longitude = -72.4789767",,,, MERGE (a18) - [:CONNECTS]->(s2)
-72.4790683,-8.2824633,B9,Yes,located_on,Str2,19,2,"MERGE (a19: house{name:"" B9 "" ,bin:"" Yes "" ,street:"" Str2 ""}) SET a19.latitude = -8.2824633, a19.longitude = -72.4790683",,"MERGE (a19: house{name:"" B9 "" ,bin:"" Yes "" ,street:"" Str2 ""}) SET a19.latitude = -8.2824633, a19.longitude = -72.4790683",,,, MERGE (a19) - [:CONNECTS]->(s2)
-72.47948,-8.281815,B10,No,located_on,Str2,20,2,"MERGE (a20: house{name:"" B10 "" ,bin:"" No "" ,street:"" Str2 ""}) SET a20.latitude = -8.281815, a20.longitude = -72.47948",,"MERGE (a20: house{name:"" B10 "" ,bin:"" No "" ,street:"" Str2 ""}) SET a20.latitude = -8.281815, a20.longitude = -72.47948",,,, MERGE (a20) - [:CONNECTS]->(s2)
-72.532405,-8.4463483,C1,Yes,located_on,Str3,21,3,"MERGE (a21: house{name:"" C1 "" ,bin:"" Yes "" ,street:"" Str3 ""}) SET a21.latitude = -8.4463483, a21.longitude = -72.532405",,"MERGE (a21: house{name:"" C1 "" ,bin:"" Yes "" ,street:"" Str3 ""}) SET a21.latitude = -8.4463483, a21.longitude = -72.532405",,,, MERGE (a21) - [:CONNECTS]->(s3)
-72.5332483,-8.447185,C2,No,located_on,Str3,22,3,"MERGE (a22: house{name:"" C2 "" ,bin:"" No "" ,street:"" Str3 ""}) SET a22.latitude = -8.447185, a22.longitude = -72.5332483",,"MERGE (a22: house{name:"" C2 "" ,bin:"" No "" ,street:"" Str3 ""}) SET a22.latitude = -8.447185, a22.longitude = -72.5332483",,,, MERGE (a22) - [:CONNECTS]->(s3)
-72.532165,-8.4469733,C3,No,located_on,Str3,23,3,"MERGE (a23: house{name:"" C3 "" ,bin:"" No "" ,street:"" Str3 ""}) SET a23.latitude = -8.4469733, a23.longitude = -72.532165",,"MERGE (a23: house{name:"" C3 "" ,bin:"" No "" ,street:"" Str3 ""}) SET a23.latitude = -8.4469733, a23.longitude = -72.532165",,,, MERGE (a23) - [:CONNECTS]->(s3)
-72.5330167,-8.4476817,C4,No,located_on,Str3,24,3,"MERGE (a24: house{name:"" C4 "" ,bin:"" No "" ,street:"" Str3 ""}) SET a24.latitude = -8.4476817, a24.longitude = -72.5330167",,"MERGE (a24: house{name:"" C4 "" ,bin:"" No "" ,street:"" Str3 ""}) SET a24.latitude = -8.4476817, a24.longitude = -72.5330167",,,, MERGE (a24) - [:CONNECTS]->(s3)
-72.5316117,-8.4471417,C5,Yes,located_on,Str3,25,3,"MERGE (a25: house{name:"" C5 "" ,bin:"" Yes "" ,street:"" Str3 ""}) SET a25.latitude = -8.4471417, a25.longitude = -72.5316117",,"MERGE (a25: house{name:"" C5 "" ,bin:"" Yes "" ,street:"" Str3 ""}) SET a25.latitude = -8.4471417, a25.longitude = -72.5316117",,,, MERGE (a25) - [:CONNECTS]->(s3)
-72.5328967,-8.4480283,C6,Yes,located_on,Str3,26,3,"MERGE (a26: house{name:"" C6 "" ,bin:"" Yes "" ,street:"" Str3 ""}) SET a26.latitude = -8.4480283, a26.longitude = -72.5328967",,"MERGE (a26: house{name:"" C6 "" ,bin:"" Yes "" ,street:"" Str3 ""}) SET a26.latitude = -8.4480283, a26.longitude = -72.5328967",,,, MERGE (a26) - [:CONNECTS]->(s3)
-72.532885,-8.44775,C7,Yes,located_on,Str3,27,3,"MERGE (a27: house{name:"" C7 "" ,bin:"" Yes "" ,street:"" Str3 ""}) SET a27.latitude = -8.44775, a27.longitude = -72.532885",,"MERGE (a27: house{name:"" C7 "" ,bin:"" Yes "" ,street:"" Str3 ""}) SET a27.latitude = -8.44775, a27.longitude = -72.532885",,,, MERGE (a27) - [:CONNECTS]->(s3)
-72.5330233,-8.4477283,C8,No,located_on,Str3,28,3,"MERGE (a28: house{name:"" C8 "" ,bin:"" No "" ,street:"" Str3 ""}) SET a28.latitude = -8.4477283, a28.longitude = -72.5330233",,"MERGE (a28: house{name:"" C8 "" ,bin:"" No "" ,street:"" Str3 ""}) SET a28.latitude = -8.4477283, a28.longitude = -72.5330233",,,, MERGE (a28) - [:CONNECTS]->(s3)
-72.536895,-8.4476933,C9,No,located_on,Str3,29,3,"MERGE (a29: house{name:"" C9 "" ,bin:"" No "" ,street:"" Str3 ""}) SET a29.latitude = -8.4476933, a29.longitude = -72.536895",,"MERGE (a29: house{name:"" C9 "" ,bin:"" No "" ,street:"" Str3 ""}) SET a29.latitude = -8.4476933, a29.longitude = -72.536895",,,, MERGE (a29) - [:CONNECTS]->(s3)
-72.5342117,-8.4493317,C10,Yes,located_on,Str3,30,3,"MERGE (a30: house{name:"" C10 "" ,bin:"" Yes "" ,street:"" Str3 ""}) SET a30.latitude = -8.4493317, a30.longitude = -72.5342117",,"MERGE (a30: house{name:"" C10 "" ,bin:"" Yes "" ,street:"" Str3 ""}) SET a30.latitude = -8.4493317, a30.longitude = -72.5342117",,,, MERGE (a30) - [:CONNECTS]->(s3)
-72.8320317,-8.5101117,D1,No,located_on,Str4,31,4,"MERGE (a31: house{name:"" D1 "" ,bin:"" No "" ,street:"" Str4 ""}) SET a31.latitude = -8.5101117, a31.longitude = -72.8320317",,"MERGE (a31: house{name:"" D1 "" ,bin:"" No "" ,street:"" Str4 ""}) SET a31.latitude = -8.5101117, a31.longitude = -72.8320317",,,, MERGE (a31) - [:CONNECTS]->(s4)
-72.8316867,-8.5096383,D2,No,located_on,Str4,32,4,"MERGE (a32: house{name:"" D2 "" ,bin:"" No "" ,street:"" Str4 ""}) SET a32.latitude = -8.5096383, a32.longitude = -72.8316867",,"MERGE (a32: house{name:"" D2 "" ,bin:"" No "" ,street:"" Str4 ""}) SET a32.latitude = -8.5096383, a32.longitude = -72.8316867",,,, MERGE (a32) - [:CONNECTS]->(s4)
-72.8315467,-8.5112433,D3,No,located_on,Str4,33,4,"MERGE (a33: house{name:"" D3 "" ,bin:"" No "" ,street:"" Str4 ""}) SET a33.latitude = -8.5112433, a33.longitude = -72.8315467",,"MERGE (a33: house{name:"" D3 "" ,bin:"" No "" ,street:"" Str4 ""}) SET a33.latitude = -8.5112433, a33.longitude = -72.8315467",,,, MERGE (a33) - [:CONNECTS]->(s4)
-72.83118,-8.5109317,D4,No,located_on,Str4,34,4,"MERGE (a34: house{name:"" D4 "" ,bin:"" No "" ,street:"" Str4 ""}) SET a34.latitude = -8.5109317, a34.longitude = -72.83118",,"MERGE (a34: house{name:"" D4 "" ,bin:"" No "" ,street:"" Str4 ""}) SET a34.latitude = -8.5109317, a34.longitude = -72.83118",,,, MERGE (a34) - [:CONNECTS]->(s4)
-72.8302967,-8.51362,D5,No,located_on,Str4,35,4,"MERGE (a35: house{name:"" D5 "" ,bin:"" No "" ,street:"" Str4 ""}) SET a35.latitude = -8.51362, a35.longitude = -72.8302967",,"MERGE (a35: house{name:"" D5 "" ,bin:"" No "" ,street:"" Str4 ""}) SET a35.latitude = -8.51362, a35.longitude = -72.8302967",,,, MERGE (a35) - [:CONNECTS]->(s4)
-72.742985,-8.4519317,E1,No,located_on,Str5,36,5,"MERGE (a36: house{name:"" E1 "" ,bin:"" No "" ,street:"" Str5 ""}) SET a36.latitude = -8.4519317, a36.longitude = -72.742985",,"MERGE (a36: house{name:"" E1 "" ,bin:"" No "" ,street:"" Str5 ""}) SET a36.latitude = -8.4519317, a36.longitude = -72.742985",,,, MERGE (a36) - [:CONNECTS]->(s5)
-72.7433867,-8.4517633,E2,Yes,located_on,Str5,37,5,"MERGE (a37: house{name:"" E2 "" ,bin:"" Yes "" ,street:"" Str5 ""}) SET a37.latitude = -8.4517633, a37.longitude = -72.7433867",,"MERGE (a37: house{name:"" E2 "" ,bin:"" Yes "" ,street:"" Str5 ""}) SET a37.latitude = -8.4517633, a37.longitude = -72.7433867",,,, MERGE (a37) - [:CONNECTS]->(s5)
-72.7431417,-8.4511333,E3,No,located_on,Str5,38,5,"MERGE (a38: house{name:"" E3 "" ,bin:"" No "" ,street:"" Str5 ""}) SET a38.latitude = -8.4511333, a38.longitude = -72.7431417",,"MERGE (a38: house{name:"" E3 "" ,bin:"" No "" ,street:"" Str5 ""}) SET a38.latitude = -8.4511333, a38.longitude = -72.7431417",,,, MERGE (a38) - [:CONNECTS]->(s5)
-72.7282133,-8.4265483,F1,Yes,located_on,Str6,39,6,"MERGE (a39: house{name:"" F1 "" ,bin:"" Yes "" ,street:"" Str6 ""}) SET a39.latitude = -8.4265483, a39.longitude = -72.7282133",,"MERGE (a39: house{name:"" F1 "" ,bin:"" Yes "" ,street:"" Str6 ""}) SET a39.latitude = -8.4265483, a39.longitude = -72.7282133",,,, MERGE (a39) - [:CONNECTS]->(s6)
-72.7183667,-8.4118417,F2,Yes,located_on,Str6,40,6,"MERGE (a40: house{name:"" F2 "" ,bin:"" Yes "" ,street:"" Str6 ""}) SET a40.latitude = -8.4118417, a40.longitude = -72.7183667",,"MERGE (a40: house{name:"" F2 "" ,bin:"" Yes "" ,street:"" Str6 ""}) SET a40.latitude = -8.4118417, a40.longitude = -72.7183667",,,, MERGE (a40) - [:CONNECTS]->(s6)
-72.7125583,-8.4018567,G1,No,located_on,Str7,41,7,"MERGE (a41: house{name:"" G1 "" ,bin:"" No "" ,street:"" Str7 ""}) SET a41.latitude = -8.4018567, a41.longitude = -72.7125583",,"MERGE (a41: house{name:"" G1 "" ,bin:"" No "" ,street:"" Str7 ""}) SET a41.latitude = -8.4018567, a41.longitude = -72.7125583",,,, MERGE (a41) - [:CONNECTS]->(s7)
-72.7124817,-8.3995567,G2,No,located_on,Str7,42,7,"MERGE (a42: house{name:"" G2 "" ,bin:"" No "" ,street:"" Str7 ""}) SET a42.latitude = -8.3995567, a42.longitude = -72.7124817",,"MERGE (a42: house{name:"" G2 "" ,bin:"" No "" ,street:"" Str7 ""}) SET a42.latitude = -8.3995567, a42.longitude = -72.7124817",,,, MERGE (a42) - [:CONNECTS]->(s7)
-72.7129217,-8.36297,G3,No,located_on,Str7,43,7,"MERGE (a43: house{name:"" G3 "" ,bin:"" No "" ,street:"" Str7 ""}) SET a43.latitude = -8.36297, a43.longitude = -72.7129217",,"MERGE (a43: house{name:"" G3 "" ,bin:"" No "" ,street:"" Str7 ""}) SET a43.latitude = -8.36297, a43.longitude = -72.7129217",,,, MERGE (a43) - [:CONNECTS]->(s7)
-72.712415,-8.36233,G4,No,located_on,Str7,44,7,"MERGE (a44: house{name:"" G4 "" ,bin:"" No "" ,street:"" Str7 ""}) SET a44.latitude = -8.36233, a44.longitude = -72.712415",,"MERGE (a44: house{name:"" G4 "" ,bin:"" No "" ,street:"" Str7 ""}) SET a44.latitude = -8.36233, a44.longitude = -72.712415",,,, MERGE (a44) - [:CONNECTS]->(s7)
-72.7114983,-8.3605917,G5,Yes,located_on,Str7,45,7,"MERGE (a45: house{name:"" G5 "" ,bin:"" Yes "" ,street:"" Str7 ""}) SET a45.latitude = -8.3605917, a45.longitude = -72.7114983",,"MERGE (a45: house{name:"" G5 "" ,bin:"" Yes "" ,street:"" Str7 ""}) SET a45.latitude = -8.3605917, a45.longitude = -72.7114983",,,, MERGE (a45) - [:CONNECTS]->(s7)
-72.8233417,-8.3826917,H1,No,located_on,Str8,46,8,"MERGE (a46: house{name:"" H1 "" ,bin:"" No "" ,street:"" Str8 ""}) SET a46.latitude = -8.3826917, a46.longitude = -72.8233417",,"MERGE (a46: house{name:"" H1 "" ,bin:"" No "" ,street:"" Str8 ""}) SET a46.latitude = -8.3826917, a46.longitude = -72.8233417",,,, MERGE (a46) - [:CONNECTS]->(s8)
-72.8235017,-8.3823,H2,No,located_on,Str8,47,8,"MERGE (a47: house{name:"" H2 "" ,bin:"" No "" ,street:"" Str8 ""}) SET a47.latitude = -8.3823, a47.longitude = -72.8235017",,"MERGE (a47: house{name:"" H2 "" ,bin:"" No "" ,street:"" Str8 ""}) SET a47.latitude = -8.3823, a47.longitude = -72.8235017",,,, MERGE (a47) - [:CONNECTS]->(s8)
-72.8268983,-8.38289,H3,No,located_on,Str8,48,8,"MERGE (a48: house{name:"" H3 "" ,bin:"" No "" ,street:"" Str8 ""}) SET a48.latitude = -8.38289, a48.longitude = -72.8268983",,"MERGE (a48: house{name:"" H3 "" ,bin:"" No "" ,street:"" Str8 ""}) SET a48.latitude = -8.38289, a48.longitude = -72.8268983",,,, MERGE (a48) - [:CONNECTS]->(s8)
-72.827695,-8.3829383,H4,Yes,located_on,Str8,49,8,"MERGE (a49: house{name:"" H4 "" ,bin:"" Yes "" ,street:"" Str8 ""}) SET a49.latitude = -8.3829383, a49.longitude = -72.827695",,"MERGE (a49: house{name:"" H4 "" ,bin:"" Yes "" ,street:"" Str8 ""}) SET a49.latitude = -8.3829383, a49.longitude = -72.827695",,,, MERGE (a49) - [:CONNECTS]->(s8)
-72.818705,-8.3954083,H5,No,located_on,Str8,50,8,"MERGE (a50: house{name:"" H5 "" ,bin:"" No "" ,street:"" Str8 ""}) SET a50.latitude = -8.3954083, a50.longitude = -72.818705",,"MERGE (a50: house{name:"" H5 "" ,bin:"" No "" ,street:"" Str8 ""}) SET a50.latitude = -8.3954083, a50.longitude = -72.818705",,,, MERGE (a50) - [:CONNECTS]->(s8)
-72.819435,-8.3986683,H6,Yes,located_on,Str8,51,8,"MERGE (a51: house{name:"" H6 "" ,bin:"" Yes "" ,street:"" Str8 ""}) SET a51.latitude = -8.3986683, a51.longitude = -72.819435",,"MERGE (a51: house{name:"" H6 "" ,bin:"" Yes "" ,street:"" Str8 ""}) SET a51.latitude = -8.3986683, a51.longitude = -72.819435",,,, MERGE (a51) - [:CONNECTS]->(s8)
-72.38879,-8.5049783,I1,No,located_on,Str9,52,9,"MERGE (a52: house{name:"" I1 "" ,bin:"" No "" ,street:"" Str9 ""}) SET a52.latitude = -8.5049783, a52.longitude = -72.38879",,"MERGE (a52: house{name:"" I1 "" ,bin:"" No "" ,street:"" Str9 ""}) SET a52.latitude = -8.5049783, a52.longitude = -72.38879",,,, MERGE (a52) - [:CONNECTS]->(s9)
-72.38941,-8.5055133,I2,Yes,located_on,Str9,53,9,"MERGE (a53: house{name:"" I2 "" ,bin:"" Yes "" ,street:"" Str9 ""}) SET a53.latitude = -8.5055133, a53.longitude = -72.38941",,"MERGE (a53: house{name:"" I2 "" ,bin:"" Yes "" ,street:"" Str9 ""}) SET a53.latitude = -8.5055133, a53.longitude = -72.38941",,,, MERGE (a53) - [:CONNECTS]->(s9)
-72.3929467,-8.50961,I3,Yes,located_on,Str9,54,9,"MERGE (a54: house{name:"" I3 "" ,bin:"" Yes "" ,street:"" Str9 ""}) SET a54.latitude = -8.50961, a54.longitude = -72.3929467",,"MERGE (a54: house{name:"" I3 "" ,bin:"" Yes "" ,street:"" Str9 ""}) SET a54.latitude = -8.50961, a54.longitude = -72.3929467",,,, MERGE (a54) - [:CONNECTS]->(s9)
-72.3894183,-8.5053317,I4,No,located_on,Str9,55,9,"MERGE (a55: house{name:"" I4 "" ,bin:"" No "" ,street:"" Str9 ""}) SET a55.latitude = -8.5053317, a55.longitude = -72.3894183",,"MERGE (a55: house{name:"" I4 "" ,bin:"" No "" ,street:"" Str9 ""}) SET a55.latitude = -8.5053317, a55.longitude = -72.3894183",,,, MERGE (a55) - [:CONNECTS]->(s9)
-72.8118267,-8.4326717,J1,No,located_on,Str10,56,10,"MERGE (a56: house{name:"" J1 "" ,bin:"" No "" ,street:"" Str10 ""}) SET a56.latitude = -8.4326717, a56.longitude = -72.8118267",,"MERGE (a56: house{name:"" J1 "" ,bin:"" No "" ,street:"" Str10 ""}) SET a56.latitude = -8.4326717, a56.longitude = -72.8118267",,,, MERGE (a56) - [:CONNECTS]->(s10)
-72.8118267,-8.4326717,J2,No,located_on,Str10,57,10,"MERGE (a57: house{name:"" J2 "" ,bin:"" No "" ,street:"" Str10 ""}) SET a57.latitude = -8.4326717, a57.longitude = -72.8118267",,"MERGE (a57: house{name:"" J2 "" ,bin:"" No "" ,street:"" Str10 ""}) SET a57.latitude = -8.4326717, a57.longitude = -72.8118267",,,, MERGE (a57) - [:CONNECTS]->(s10)
-72.8111433,-8.4326283,J3,No,located_on,Str10,58,10,"MERGE (a58: house{name:"" J3 "" ,bin:"" No "" ,street:"" Str10 ""}) SET a58.latitude = -8.4326283, a58.longitude = -72.8111433",,"MERGE (a58: house{name:"" J3 "" ,bin:"" No "" ,street:"" Str10 ""}) SET a58.latitude = -8.4326283, a58.longitude = -72.8111433",,,, MERGE (a58) - [:CONNECTS]->(s10)
-72.81114,-8.43309,J4,No,located_on,Str10,59,10,"MERGE (a59: house{name:"" J4 "" ,bin:"" No "" ,street:"" Str10 ""}) SET a59.latitude = -8.43309, a59.longitude = -72.81114",,"MERGE (a59: house{name:"" J4 "" ,bin:"" No "" ,street:"" Str10 ""}) SET a59.latitude = -8.43309, a59.longitude = -72.81114",,,, MERGE (a59) - [:CONNECTS]->(s10)
-72.7363517,-8.3391817,K1,Yes,located_on,Str11,60,11,"MERGE (a60: house{name:"" K1 "" ,bin:"" Yes "" ,street:"" Str11 ""}) SET a60.latitude = -8.3391817, a60.longitude = -72.7363517",,"MERGE (a60: house{name:"" K1 "" ,bin:"" Yes "" ,street:"" Str11 ""}) SET a60.latitude = -8.3391817, a60.longitude = -72.7363517",,,, MERGE (a60) - [:CONNECTS]->(s11)
-72.737465,-8.34241,K2,No,located_on,Str11,61,11,"MERGE (a61: house{name:"" K2 "" ,bin:"" No "" ,street:"" Str11 ""}) SET a61.latitude = -8.34241, a61.longitude = -72.737465",,"MERGE (a61: house{name:"" K2 "" ,bin:"" No "" ,street:"" Str11 ""}) SET a61.latitude = -8.34241, a61.longitude = -72.737465",,,, MERGE (a61) - [:CONNECTS]->(s11)
-72.736955,-8.3412817,K3,No,located_on,Str11,62,11,"MERGE (a62: house{name:"" K3 "" ,bin:"" No "" ,street:"" Str11 ""}) SET a62.latitude = -8.3412817, a62.longitude = -72.736955",,"MERGE (a62: house{name:"" K3 "" ,bin:"" No "" ,street:"" Str11 ""}) SET a62.latitude = -8.3412817, a62.longitude = -72.736955",,,, MERGE (a62) - [:CONNECTS]->(s11)
-72.7365017,-8.341135,K4,No,located_on,Str11,63,11,"MERGE (a63: house{name:"" K4 "" ,bin:"" No "" ,street:"" Str11 ""}) SET a63.latitude = -8.341135, a63.longitude = -72.7365017",,"MERGE (a63: house{name:"" K4 "" ,bin:"" No "" ,street:"" Str11 ""}) SET a63.latitude = -8.341135, a63.longitude = -72.7365017",,,, MERGE (a63) - [:CONNECTS]->(s11)
-72.735335,-8.3412617,K5,Yes,located_on,Str11,64,11,"MERGE (a64: house{name:"" K5 "" ,bin:"" Yes "" ,street:"" Str11 ""}) SET a64.latitude = -8.3412617, a64.longitude = -72.735335",,"MERGE (a64: house{name:"" K5 "" ,bin:"" Yes "" ,street:"" Str11 ""}) SET a64.latitude = -8.3412617, a64.longitude = -72.735335",,,, MERGE (a64) - [:CONNECTS]->(s11)
-72.83333,-8.475155,L1,Yes,located_on,Str12,65,12,"MERGE (a65: house{name:"" L1 "" ,bin:"" Yes "" ,street:"" Str12 ""}) SET a65.latitude = -8.475155, a65.longitude = -72.83333",,"MERGE (a65: house{name:"" L1 "" ,bin:"" Yes "" ,street:"" Str12 ""}) SET a65.latitude = -8.475155, a65.longitude = -72.83333",,,, MERGE (a65) - [:CONNECTS]->(s12)
-72.8344567,-8.4762217,L2,Yes,located_on,Str12,66,12,"MERGE (a66: house{name:"" L2 "" ,bin:"" Yes "" ,street:"" Str12 ""}) SET a66.latitude = -8.4762217, a66.longitude = -72.8344567",,"MERGE (a66: house{name:"" L2 "" ,bin:"" Yes "" ,street:"" Str12 ""}) SET a66.latitude = -8.4762217, a66.longitude = -72.8344567",,,, MERGE (a66) - [:CONNECTS]->(s12)
-72.835115,-8.4772583,L3,No,located_on,Str12,67,12,"MERGE (a67: house{name:"" L3 "" ,bin:"" No "" ,street:"" Str12 ""}) SET a67.latitude = -8.4772583, a67.longitude = -72.835115",,"MERGE (a67: house{name:"" L3 "" ,bin:"" No "" ,street:"" Str12 ""}) SET a67.latitude = -8.4772583, a67.longitude = -72.835115",,,, MERGE (a67) - [:CONNECTS]->(s12)
-72.372005,-8.4989,M1,Yes,located_on,Str13,68,13,"MERGE (a68: house{name:"" M1 "" ,bin:"" Yes "" ,street:"" Str13 ""}) SET a68.latitude = -8.4989, a68.longitude = -72.372005",,"MERGE (a68: house{name:"" M1 "" ,bin:"" Yes "" ,street:"" Str13 ""}) SET a68.latitude = -8.4989, a68.longitude = -72.372005",,,, MERGE (a68) - [:CONNECTS]->(s13)
-72.373035,-8.498875,M2,No,located_on,Str13,69,13,"MERGE (a69: house{name:"" M2 "" ,bin:"" No "" ,street:"" Str13 ""}) SET a69.latitude = -8.498875, a69.longitude = -72.373035",,"MERGE (a69: house{name:"" M2 "" ,bin:"" No "" ,street:"" Str13 ""}) SET a69.latitude = -8.498875, a69.longitude = -72.373035",,,, MERGE (a69) - [:CONNECTS]->(s13)
-72.7923717,-8.3785717,N1,Yes,located_on,Str14,70,14,"MERGE (a70: house{name:"" N1 "" ,bin:"" Yes "" ,street:"" Str14 ""}) SET a70.latitude = -8.3785717, a70.longitude = -72.7923717",,"MERGE (a70: house{name:"" N1 "" ,bin:"" Yes "" ,street:"" Str14 ""}) SET a70.latitude = -8.3785717, a70.longitude = -72.7923717",,,, MERGE (a70) - [:CONNECTS]->(s14)
-72.79317,-8.37802,N2,No,located_on,Str14,71,14,"MERGE (a71: house{name:"" N2 "" ,bin:"" No "" ,street:"" Str14 ""}) SET a71.latitude = -8.37802, a71.longitude = -72.79317",,"MERGE (a71: house{name:"" N2 "" ,bin:"" No "" ,street:"" Str14 ""}) SET a71.latitude = -8.37802, a71.longitude = -72.79317",,,, MERGE (a71) - [:CONNECTS]->(s14)
-72.793905,-8.3775133,N3,No,located_on,Str14,72,14,"MERGE (a72: house{name:"" N3 "" ,bin:"" No "" ,street:"" Str14 ""}) SET a72.latitude = -8.3775133, a72.longitude = -72.793905",,"MERGE (a72: house{name:"" N3 "" ,bin:"" No "" ,street:"" Str14 ""}) SET a72.latitude = -8.3775133, a72.longitude = -72.793905",,,, MERGE (a72) - [:CONNECTS]->(s14)
-72.794325,-8.3772117,N4,No,located_on,Str14,73,14,"MERGE (a73: house{name:"" N4 "" ,bin:"" No "" ,street:"" Str14 ""}) SET a73.latitude = -8.3772117, a73.longitude = -72.794325",,"MERGE (a73: house{name:"" N4 "" ,bin:"" No "" ,street:"" Str14 ""}) SET a73.latitude = -8.3772117, a73.longitude = -72.794325",,,, MERGE (a73) - [:CONNECTS]->(s14)
-72.79485,-8.37704,N5,No,located_on,Str14,74,14,"MERGE (a74: house{name:"" N5 "" ,bin:"" No "" ,street:"" Str14 ""}) SET a74.latitude = -8.37704, a74.longitude = -72.79485",,"MERGE (a74: house{name:"" N5 "" ,bin:"" No "" ,street:"" Str14 ""}) SET a74.latitude = -8.37704, a74.longitude = -72.79485",,,, MERGE (a74) - [:CONNECTS]->(s14)
-72.8182283,-8.44454,O1,No,located_on,Str15,75,15,"MERGE (a75: house{name:"" O1 "" ,bin:"" No "" ,street:"" Str15 ""}) SET a75.latitude = -8.44454, a75.longitude = -72.8182283",,"MERGE (a75: house{name:"" O1 "" ,bin:"" No "" ,street:"" Str15 ""}) SET a75.latitude = -8.44454, a75.longitude = -72.8182283",,,, MERGE (a75) - [:CONNECTS]->(s15)
-72.8179783,-8.4440383,O2,No,located_on,Str15,76,15,"MERGE (a76: house{name:"" O2 "" ,bin:"" No "" ,street:"" Str15 ""}) SET a76.latitude = -8.4440383, a76.longitude = -72.8179783",,"MERGE (a76: house{name:"" O2 "" ,bin:"" No "" ,street:"" Str15 ""}) SET a76.latitude = -8.4440383, a76.longitude = -72.8179783",,,, MERGE (a76) - [:CONNECTS]->(s15)
-72.8191683,-8.446095,O3,No,located_on,Str15,77,15,"MERGE (a77: house{name:"" O3 "" ,bin:"" No "" ,street:"" Str15 ""}) SET a77.latitude = -8.446095, a77.longitude = -72.8191683",,"MERGE (a77: house{name:"" O3 "" ,bin:"" No "" ,street:"" Str15 ""}) SET a77.latitude = -8.446095, a77.longitude = -72.8191683",,,, MERGE (a77) - [:CONNECTS]->(s15)
